{
  "users": [
    {
      "id": 1,
      "firstName": "Dhiraj",
      "lastName": "Ray",
      "email": "dhiraj@gmail.com"
    },
    {
      "id": 2,
      "firstName": "Tom",
      "lastName": "Jac",
      "email": "Tom@gmail.com"
    },
    {
      "id": 3,
      "firstName": "Hary",
      "lastName": "Pan",
      "email": "hary@gmail.com"
    },
    {
      "id": 4,
      "firstName": "Praks",
      "lastName": "Nabu",
      "email": "praks@gmail.com"
    },
    {
      "id": 6,
      "firstName": "Admin",
      "lastName": "Master",
      "email": "admin@email.com"
    }
  ]
}